ppm,atom,pattern
8.46,23,Q
21.1,60,Q
21.62,52,Q
30.77,54,D
31.44,22,T
31.6,56,T
31.86,48,D
35.72,53,T
38.53,10,Q
43.54,14,S
45.65,29,T
47.65,45,T
48.72,55,T
50.44,28,T
51.04,26,T
51.83,19,Q
52.01,47,T
52.36,40,Q
54.09,8,S
56.29,35,Q
56.39,36,S
65.33,13,D
77.2,12,D
80.64,11,S
83.82,7,D
94.57,33,D
111.92,1,S
112.3,44,D
118.67,41,D
119.86,42,D
121.86,31,S
122.5,43,D
123.92,9,S
124.39,30,D
124.91,25,D
126.84,49,S
129.59,4,S
131.51,24,D
134.49,0,S
136.3,3,S
153.8,6,S
158.98,32,S
170.94,21,S
172.26,16,S
175.11,37,S
